Image,Mask
image_0.jpg,mask_0.jpg
image_1.jpg,mask_1.jpg
image_2.jpg,mask_2.jpg
image_3.jpg,mask_3.jpg
image_4.jpg,mask_4.jpg
image_5.jpg,mask_5.jpg
image_6.jpg,mask_6.jpg
image_7.jpg,mask_7.jpg
image_8.jpg,mask_8.jpg
image_9.jpg,mask_9.jpg
image_10.jpg,mask_10.jpg
image_11.jpg,mask_11.jpg
image_12.jpg,mask_12.jpg
image_13.jpg,mask_13.jpg
image_14.jpg,mask_14.jpg
image_15.jpg,mask_15.jpg
image_16.jpg,mask_16.jpg
image_17.jpg,mask_17.jpg
image_18.jpg,mask_18.jpg
image_19.jpg,mask_19.jpg
image_20.jpg,mask_20.jpg
image_21.jpg,mask_21.jpg
image_22.jpg,mask_22.jpg
image_23.jpg,mask_23.jpg
image_24.jpg,mask_24.jpg
image_25.jpg,mask_25.jpg
image_26.jpg,mask_26.jpg
image_27.jpg,mask_27.jpg
image_28.jpg,mask_28.jpg
image_29.jpg,mask_29.jpg
image_30.jpg,mask_30.jpg
image_31.jpg,mask_31.jpg
image_32.jpg,mask_32.jpg
image_33.jpg,mask_33.jpg
image_34.jpg,mask_34.jpg
image_35.jpg,mask_35.jpg
image_36.jpg,mask_36.jpg
image_37.jpg,mask_37.jpg
image_38.jpg,mask_38.jpg
image_39.jpg,mask_39.jpg
image_40.jpg,mask_40.jpg
image_41.jpg,mask_41.jpg
image_42.jpg,mask_42.jpg
image_43.jpg,mask_43.jpg
image_44.jpg,mask_44.jpg
image_45.jpg,mask_45.jpg
image_46.jpg,mask_46.jpg
image_47.jpg,mask_47.jpg
image_48.jpg,mask_48.jpg
image_49.jpg,mask_49.jpg
image_50.jpg,mask_50.jpg
image_51.jpg,mask_51.jpg
image_52.jpg,mask_52.jpg
image_53.jpg,mask_53.jpg
image_54.jpg,mask_54.jpg
image_55.jpg,mask_55.jpg
image_56.jpg,mask_56.jpg
image_57.jpg,mask_57.jpg
image_58.jpg,mask_58.jpg
image_59.jpg,mask_59.jpg
image_60.jpg,mask_60.jpg
image_61.jpg,mask_61.jpg
image_62.jpg,mask_62.jpg
image_63.jpg,mask_63.jpg
image_64.jpg,mask_64.jpg
image_65.jpg,mask_65.jpg
image_66.jpg,mask_66.jpg
image_67.jpg,mask_67.jpg
image_68.jpg,mask_68.jpg
image_69.jpg,mask_69.jpg
image_70.jpg,mask_70.jpg
image_71.jpg,mask_71.jpg
image_72.jpg,mask_72.jpg
image_73.jpg,mask_73.jpg
image_74.jpg,mask_74.jpg
image_75.jpg,mask_75.jpg
image_76.jpg,mask_76.jpg
image_77.jpg,mask_77.jpg
image_78.jpg,mask_78.jpg
image_79.jpg,mask_79.jpg
image_80.jpg,mask_80.jpg
image_81.jpg,mask_81.jpg
image_82.jpg,mask_82.jpg
image_83.jpg,mask_83.jpg
image_84.jpg,mask_84.jpg
image_85.jpg,mask_85.jpg
image_86.jpg,mask_86.jpg
image_87.jpg,mask_87.jpg
image_88.jpg,mask_88.jpg
image_89.jpg,mask_89.jpg
image_90.jpg,mask_90.jpg
image_91.jpg,mask_91.jpg
image_92.jpg,mask_92.jpg
image_93.jpg,mask_93.jpg
image_94.jpg,mask_94.jpg
image_95.jpg,mask_95.jpg
image_96.jpg,mask_96.jpg
image_97.jpg,mask_97.jpg
image_98.jpg,mask_98.jpg
image_99.jpg,mask_99.jpg
image_100.jpg,mask_100.jpg
image_101.jpg,mask_101.jpg
image_102.jpg,mask_102.jpg
image_103.jpg,mask_103.jpg
image_104.jpg,mask_104.jpg
image_105.jpg,mask_105.jpg
image_106.jpg,mask_106.jpg
image_107.jpg,mask_107.jpg
image_108.jpg,mask_108.jpg
image_109.jpg,mask_109.jpg
image_110.jpg,mask_110.jpg
image_111.jpg,mask_111.jpg
image_112.jpg,mask_112.jpg
image_113.jpg,mask_113.jpg
image_114.jpg,mask_114.jpg
image_115.jpg,mask_115.jpg
image_116.jpg,mask_116.jpg
image_117.jpg,mask_117.jpg
image_118.jpg,mask_118.jpg
image_119.jpg,mask_119.jpg
image_120.jpg,mask_120.jpg
image_121.jpg,mask_121.jpg
image_122.jpg,mask_122.jpg
image_123.jpg,mask_123.jpg
image_124.jpg,mask_124.jpg
image_125.jpg,mask_125.jpg
image_126.jpg,mask_126.jpg
image_127.jpg,mask_127.jpg
image_128.jpg,mask_128.jpg
image_129.jpg,mask_129.jpg
image_130.jpg,mask_130.jpg
image_131.jpg,mask_131.jpg
image_132.jpg,mask_132.jpg
image_133.jpg,mask_133.jpg
image_134.jpg,mask_134.jpg
image_135.jpg,mask_135.jpg
image_136.jpg,mask_136.jpg
image_137.jpg,mask_137.jpg
image_138.jpg,mask_138.jpg
image_139.jpg,mask_139.jpg
image_140.jpg,mask_140.jpg
image_141.jpg,mask_141.jpg
image_142.jpg,mask_142.jpg
image_143.jpg,mask_143.jpg
image_144.jpg,mask_144.jpg
image_145.jpg,mask_145.jpg
image_146.jpg,mask_146.jpg
image_147.jpg,mask_147.jpg
image_148.jpg,mask_148.jpg
image_149.jpg,mask_149.jpg
image_150.jpg,mask_150.jpg
image_151.jpg,mask_151.jpg
image_152.jpg,mask_152.jpg
image_153.jpg,mask_153.jpg
image_154.jpg,mask_154.jpg
image_155.jpg,mask_155.jpg
image_156.jpg,mask_156.jpg
image_157.jpg,mask_157.jpg
image_158.jpg,mask_158.jpg
image_159.jpg,mask_159.jpg
image_160.jpg,mask_160.jpg
image_161.jpg,mask_161.jpg
image_162.jpg,mask_162.jpg
image_163.jpg,mask_163.jpg
image_164.jpg,mask_164.jpg
image_165.jpg,mask_165.jpg
image_166.jpg,mask_166.jpg
image_167.jpg,mask_167.jpg
image_168.jpg,mask_168.jpg
image_169.jpg,mask_169.jpg
image_170.jpg,mask_170.jpg
image_171.jpg,mask_171.jpg
image_172.jpg,mask_172.jpg
image_173.jpg,mask_173.jpg
image_174.jpg,mask_174.jpg
image_175.jpg,mask_175.jpg
image_176.jpg,mask_176.jpg
image_177.jpg,mask_177.jpg
image_178.jpg,mask_178.jpg
image_179.jpg,mask_179.jpg
image_180.jpg,mask_180.jpg
image_181.jpg,mask_181.jpg
image_182.jpg,mask_182.jpg
image_183.jpg,mask_183.jpg
image_184.jpg,mask_184.jpg
image_185.jpg,mask_185.jpg
image_186.jpg,mask_186.jpg
image_187.jpg,mask_187.jpg
image_188.jpg,mask_188.jpg
image_189.jpg,mask_189.jpg
image_190.jpg,mask_190.jpg
image_191.jpg,mask_191.jpg
image_192.jpg,mask_192.jpg
image_193.jpg,mask_193.jpg
image_194.jpg,mask_194.jpg
image_195.jpg,mask_195.jpg
image_196.jpg,mask_196.jpg
image_197.jpg,mask_197.jpg
image_198.jpg,mask_198.jpg
image_199.jpg,mask_199.jpg
image_200.jpg,mask_200.jpg
image_201.jpg,mask_201.jpg
image_202.jpg,mask_202.jpg
image_203.jpg,mask_203.jpg
image_204.jpg,mask_204.jpg
image_205.jpg,mask_205.jpg
image_206.jpg,mask_206.jpg
image_207.jpg,mask_207.jpg
image_208.jpg,mask_208.jpg
image_209.jpg,mask_209.jpg
image_210.jpg,mask_210.jpg
image_211.jpg,mask_211.jpg
image_212.jpg,mask_212.jpg
image_213.jpg,mask_213.jpg
image_214.jpg,mask_214.jpg
image_215.jpg,mask_215.jpg
image_216.jpg,mask_216.jpg
image_217.jpg,mask_217.jpg
image_218.jpg,mask_218.jpg
image_219.jpg,mask_219.jpg
image_220.jpg,mask_220.jpg
image_221.jpg,mask_221.jpg
image_222.jpg,mask_222.jpg
image_223.jpg,mask_223.jpg
image_224.jpg,mask_224.jpg
image_225.jpg,mask_225.jpg
image_226.jpg,mask_226.jpg
image_227.jpg,mask_227.jpg
image_228.jpg,mask_228.jpg
image_229.jpg,mask_229.jpg
image_230.jpg,mask_230.jpg
image_231.jpg,mask_231.jpg
image_232.jpg,mask_232.jpg
image_233.jpg,mask_233.jpg
image_234.jpg,mask_234.jpg
image_235.jpg,mask_235.jpg
image_236.jpg,mask_236.jpg
image_237.jpg,mask_237.jpg
image_238.jpg,mask_238.jpg
image_239.jpg,mask_239.jpg
image_240.jpg,mask_240.jpg
image_241.jpg,mask_241.jpg
image_242.jpg,mask_242.jpg
image_243.jpg,mask_243.jpg
image_244.jpg,mask_244.jpg
image_245.jpg,mask_245.jpg
image_246.jpg,mask_246.jpg
image_247.jpg,mask_247.jpg
image_248.jpg,mask_248.jpg
image_249.jpg,mask_249.jpg
image_250.jpg,mask_250.jpg
image_251.jpg,mask_251.jpg
image_252.jpg,mask_252.jpg
image_253.jpg,mask_253.jpg
image_254.jpg,mask_254.jpg
image_255.jpg,mask_255.jpg
image_256.jpg,mask_256.jpg
image_257.jpg,mask_257.jpg
image_258.jpg,mask_258.jpg
image_259.jpg,mask_259.jpg
image_260.jpg,mask_260.jpg
image_261.jpg,mask_261.jpg
image_262.jpg,mask_262.jpg
image_263.jpg,mask_263.jpg
image_264.jpg,mask_264.jpg
image_265.jpg,mask_265.jpg
image_266.jpg,mask_266.jpg
image_267.jpg,mask_267.jpg
image_268.jpg,mask_268.jpg
image_269.jpg,mask_269.jpg
image_270.jpg,mask_270.jpg
image_271.jpg,mask_271.jpg
image_272.jpg,mask_272.jpg
image_273.jpg,mask_273.jpg
image_274.jpg,mask_274.jpg
image_275.jpg,mask_275.jpg
image_276.jpg,mask_276.jpg
image_277.jpg,mask_277.jpg
image_278.jpg,mask_278.jpg
image_279.jpg,mask_279.jpg
image_280.jpg,mask_280.jpg
image_281.jpg,mask_281.jpg
image_282.jpg,mask_282.jpg
image_283.jpg,mask_283.jpg
image_284.jpg,mask_284.jpg
image_285.jpg,mask_285.jpg
image_286.jpg,mask_286.jpg
image_287.jpg,mask_287.jpg
image_288.jpg,mask_288.jpg
image_289.jpg,mask_289.jpg
image_290.jpg,mask_290.jpg
image_291.jpg,mask_291.jpg
image_292.jpg,mask_292.jpg
image_293.jpg,mask_293.jpg
image_294.jpg,mask_294.jpg
image_295.jpg,mask_295.jpg
image_296.jpg,mask_296.jpg
image_297.jpg,mask_297.jpg
image_298.jpg,mask_298.jpg
image_299.jpg,mask_299.jpg
image_300.jpg,mask_300.jpg
image_301.jpg,mask_301.jpg
image_302.jpg,mask_302.jpg
image_303.jpg,mask_303.jpg
image_304.jpg,mask_304.jpg
image_305.jpg,mask_305.jpg
image_306.jpg,mask_306.jpg
image_307.jpg,mask_307.jpg
image_308.jpg,mask_308.jpg
image_309.jpg,mask_309.jpg
image_310.jpg,mask_310.jpg
image_311.jpg,mask_311.jpg
image_312.jpg,mask_312.jpg
image_313.jpg,mask_313.jpg
image_314.jpg,mask_314.jpg
image_315.jpg,mask_315.jpg
image_316.jpg,mask_316.jpg
image_317.jpg,mask_317.jpg
image_318.jpg,mask_318.jpg
image_319.jpg,mask_319.jpg
image_320.jpg,mask_320.jpg
image_321.jpg,mask_321.jpg
image_322.jpg,mask_322.jpg
image_323.jpg,mask_323.jpg
image_324.jpg,mask_324.jpg
image_325.jpg,mask_325.jpg
image_326.jpg,mask_326.jpg
image_327.jpg,mask_327.jpg
image_328.jpg,mask_328.jpg
image_329.jpg,mask_329.jpg
image_330.jpg,mask_330.jpg
image_331.jpg,mask_331.jpg
image_332.jpg,mask_332.jpg
image_333.jpg,mask_333.jpg
image_334.jpg,mask_334.jpg
image_335.jpg,mask_335.jpg
image_336.jpg,mask_336.jpg
image_337.jpg,mask_337.jpg
image_338.jpg,mask_338.jpg
image_339.jpg,mask_339.jpg
image_340.jpg,mask_340.jpg
image_341.jpg,mask_341.jpg
image_342.jpg,mask_342.jpg
image_343.jpg,mask_343.jpg
image_344.jpg,mask_344.jpg
image_345.jpg,mask_345.jpg
image_346.jpg,mask_346.jpg
image_347.jpg,mask_347.jpg
image_348.jpg,mask_348.jpg
image_349.jpg,mask_349.jpg
image_350.jpg,mask_350.jpg
image_351.jpg,mask_351.jpg
image_352.jpg,mask_352.jpg
image_353.jpg,mask_353.jpg
image_354.jpg,mask_354.jpg
image_355.jpg,mask_355.jpg
image_356.jpg,mask_356.jpg
image_357.jpg,mask_357.jpg
image_358.jpg,mask_358.jpg
image_359.jpg,mask_359.jpg
image_360.jpg,mask_360.jpg
image_361.jpg,mask_361.jpg
image_362.jpg,mask_362.jpg
image_363.jpg,mask_363.jpg
image_364.jpg,mask_364.jpg
image_365.jpg,mask_365.jpg
image_366.jpg,mask_366.jpg
image_367.jpg,mask_367.jpg
image_368.jpg,mask_368.jpg
image_369.jpg,mask_369.jpg
image_370.jpg,mask_370.jpg
image_371.jpg,mask_371.jpg
image_372.jpg,mask_372.jpg
image_373.jpg,mask_373.jpg
image_374.jpg,mask_374.jpg
image_375.jpg,mask_375.jpg
image_376.jpg,mask_376.jpg
image_377.jpg,mask_377.jpg
image_378.jpg,mask_378.jpg
image_379.jpg,mask_379.jpg
image_380.jpg,mask_380.jpg
image_381.jpg,mask_381.jpg
image_382.jpg,mask_382.jpg
image_383.jpg,mask_383.jpg
image_384.jpg,mask_384.jpg
image_385.jpg,mask_385.jpg
image_386.jpg,mask_386.jpg
image_387.jpg,mask_387.jpg
image_388.jpg,mask_388.jpg
image_389.jpg,mask_389.jpg
image_390.jpg,mask_390.jpg
image_391.jpg,mask_391.jpg
image_392.jpg,mask_392.jpg
image_393.jpg,mask_393.jpg
image_394.jpg,mask_394.jpg
image_395.jpg,mask_395.jpg
image_396.jpg,mask_396.jpg
image_397.jpg,mask_397.jpg
image_398.jpg,mask_398.jpg
image_399.jpg,mask_399.jpg
image_400.jpg,mask_400.jpg
image_401.jpg,mask_401.jpg
image_402.jpg,mask_402.jpg
image_403.jpg,mask_403.jpg
image_404.jpg,mask_404.jpg
image_405.jpg,mask_405.jpg
image_406.jpg,mask_406.jpg
image_407.jpg,mask_407.jpg
image_408.jpg,mask_408.jpg
image_409.jpg,mask_409.jpg
image_410.jpg,mask_410.jpg
image_411.jpg,mask_411.jpg
image_412.jpg,mask_412.jpg
image_413.jpg,mask_413.jpg
image_414.jpg,mask_414.jpg
image_415.jpg,mask_415.jpg
image_416.jpg,mask_416.jpg
image_417.jpg,mask_417.jpg
image_418.jpg,mask_418.jpg
image_419.jpg,mask_419.jpg
image_420.jpg,mask_420.jpg
image_421.jpg,mask_421.jpg
image_422.jpg,mask_422.jpg
image_423.jpg,mask_423.jpg
image_424.jpg,mask_424.jpg
image_425.jpg,mask_425.jpg
image_426.jpg,mask_426.jpg
image_427.jpg,mask_427.jpg
image_428.jpg,mask_428.jpg
image_429.jpg,mask_429.jpg
image_430.jpg,mask_430.jpg
image_431.jpg,mask_431.jpg
image_432.jpg,mask_432.jpg
image_433.jpg,mask_433.jpg
image_434.jpg,mask_434.jpg
image_435.jpg,mask_435.jpg
image_436.jpg,mask_436.jpg
image_437.jpg,mask_437.jpg
image_438.jpg,mask_438.jpg
image_439.jpg,mask_439.jpg
image_440.jpg,mask_440.jpg
image_441.jpg,mask_441.jpg
image_442.jpg,mask_442.jpg
image_443.jpg,mask_443.jpg
image_444.jpg,mask_444.jpg
image_445.jpg,mask_445.jpg
image_446.jpg,mask_446.jpg
image_447.jpg,mask_447.jpg
image_448.jpg,mask_448.jpg
image_449.jpg,mask_449.jpg
image_450.jpg,mask_450.jpg
image_451.jpg,mask_451.jpg
image_452.jpg,mask_452.jpg
image_453.jpg,mask_453.jpg
image_454.jpg,mask_454.jpg
image_455.jpg,mask_455.jpg
image_456.jpg,mask_456.jpg
image_457.jpg,mask_457.jpg
image_458.jpg,mask_458.jpg
image_459.jpg,mask_459.jpg
image_460.jpg,mask_460.jpg
image_461.jpg,mask_461.jpg
image_462.jpg,mask_462.jpg
image_463.jpg,mask_463.jpg
image_464.jpg,mask_464.jpg
image_465.jpg,mask_465.jpg
image_466.jpg,mask_466.jpg
image_467.jpg,mask_467.jpg
image_468.jpg,mask_468.jpg
image_469.jpg,mask_469.jpg
image_470.jpg,mask_470.jpg
image_471.jpg,mask_471.jpg
image_472.jpg,mask_472.jpg
image_473.jpg,mask_473.jpg
image_474.jpg,mask_474.jpg
image_475.jpg,mask_475.jpg
image_476.jpg,mask_476.jpg
image_477.jpg,mask_477.jpg
image_478.jpg,mask_478.jpg
image_479.jpg,mask_479.jpg
image_480.jpg,mask_480.jpg
image_481.jpg,mask_481.jpg
image_482.jpg,mask_482.jpg
image_483.jpg,mask_483.jpg
image_484.jpg,mask_484.jpg
image_485.jpg,mask_485.jpg
image_486.jpg,mask_486.jpg
image_487.jpg,mask_487.jpg
image_488.jpg,mask_488.jpg
image_489.jpg,mask_489.jpg
image_490.jpg,mask_490.jpg
image_491.jpg,mask_491.jpg
image_492.jpg,mask_492.jpg
image_493.jpg,mask_493.jpg
image_494.jpg,mask_494.jpg
image_495.jpg,mask_495.jpg
image_496.jpg,mask_496.jpg
image_497.jpg,mask_497.jpg
image_498.jpg,mask_498.jpg
image_499.jpg,mask_499.jpg
image_500.jpg,mask_500.jpg
image_501.jpg,mask_501.jpg
image_502.jpg,mask_502.jpg
image_503.jpg,mask_503.jpg
image_504.jpg,mask_504.jpg
image_505.jpg,mask_505.jpg
image_506.jpg,mask_506.jpg
image_507.jpg,mask_507.jpg
image_508.jpg,mask_508.jpg
image_509.jpg,mask_509.jpg
image_510.jpg,mask_510.jpg
image_511.jpg,mask_511.jpg
image_512.jpg,mask_512.jpg
image_513.jpg,mask_513.jpg
image_514.jpg,mask_514.jpg
image_515.jpg,mask_515.jpg
image_516.jpg,mask_516.jpg
image_517.jpg,mask_517.jpg
image_518.jpg,mask_518.jpg
image_519.jpg,mask_519.jpg
image_520.jpg,mask_520.jpg
image_521.jpg,mask_521.jpg
image_522.jpg,mask_522.jpg
image_523.jpg,mask_523.jpg
image_524.jpg,mask_524.jpg
image_525.jpg,mask_525.jpg
image_526.jpg,mask_526.jpg
image_527.jpg,mask_527.jpg
image_528.jpg,mask_528.jpg
image_529.jpg,mask_529.jpg
image_530.jpg,mask_530.jpg
image_531.jpg,mask_531.jpg
image_532.jpg,mask_532.jpg
image_533.jpg,mask_533.jpg
image_534.jpg,mask_534.jpg
image_535.jpg,mask_535.jpg
image_536.jpg,mask_536.jpg
image_537.jpg,mask_537.jpg
image_538.jpg,mask_538.jpg
image_539.jpg,mask_539.jpg
image_540.jpg,mask_540.jpg
image_541.jpg,mask_541.jpg
image_542.jpg,mask_542.jpg
image_543.jpg,mask_543.jpg
image_544.jpg,mask_544.jpg
image_545.jpg,mask_545.jpg
image_546.jpg,mask_546.jpg
image_547.jpg,mask_547.jpg
image_548.jpg,mask_548.jpg
image_549.jpg,mask_549.jpg
image_550.jpg,mask_550.jpg
image_551.jpg,mask_551.jpg
image_552.jpg,mask_552.jpg
image_553.jpg,mask_553.jpg
image_554.jpg,mask_554.jpg
image_555.jpg,mask_555.jpg
image_556.jpg,mask_556.jpg
image_557.jpg,mask_557.jpg
image_558.jpg,mask_558.jpg
image_559.jpg,mask_559.jpg
image_560.jpg,mask_560.jpg
image_561.jpg,mask_561.jpg
image_562.jpg,mask_562.jpg
image_563.jpg,mask_563.jpg
image_564.jpg,mask_564.jpg
image_565.jpg,mask_565.jpg
image_566.jpg,mask_566.jpg
image_567.jpg,mask_567.jpg
image_568.jpg,mask_568.jpg
image_569.jpg,mask_569.jpg
image_570.jpg,mask_570.jpg
image_571.jpg,mask_571.jpg
image_572.jpg,mask_572.jpg
image_573.jpg,mask_573.jpg
image_574.jpg,mask_574.jpg
image_575.jpg,mask_575.jpg
image_576.jpg,mask_576.jpg
image_577.jpg,mask_577.jpg
image_578.jpg,mask_578.jpg
image_579.jpg,mask_579.jpg
image_580.jpg,mask_580.jpg
image_581.jpg,mask_581.jpg
image_582.jpg,mask_582.jpg
image_583.jpg,mask_583.jpg
image_584.jpg,mask_584.jpg
image_585.jpg,mask_585.jpg
image_586.jpg,mask_586.jpg
image_587.jpg,mask_587.jpg
image_588.jpg,mask_588.jpg
image_589.jpg,mask_589.jpg
image_590.jpg,mask_590.jpg
image_591.jpg,mask_591.jpg
image_592.jpg,mask_592.jpg
image_593.jpg,mask_593.jpg
image_594.jpg,mask_594.jpg
image_595.jpg,mask_595.jpg
image_596.jpg,mask_596.jpg
image_597.jpg,mask_597.jpg
image_598.jpg,mask_598.jpg
image_599.jpg,mask_599.jpg
image_600.jpg,mask_600.jpg
image_601.jpg,mask_601.jpg
image_602.jpg,mask_602.jpg
image_603.jpg,mask_603.jpg
image_604.jpg,mask_604.jpg
image_605.jpg,mask_605.jpg
image_606.jpg,mask_606.jpg
image_607.jpg,mask_607.jpg
image_608.jpg,mask_608.jpg
image_609.jpg,mask_609.jpg
image_610.jpg,mask_610.jpg
image_611.jpg,mask_611.jpg
image_612.jpg,mask_612.jpg
image_613.jpg,mask_613.jpg
image_614.jpg,mask_614.jpg
image_615.jpg,mask_615.jpg
image_616.jpg,mask_616.jpg
image_617.jpg,mask_617.jpg
image_618.jpg,mask_618.jpg
image_619.jpg,mask_619.jpg
image_620.jpg,mask_620.jpg
image_621.jpg,mask_621.jpg
image_622.jpg,mask_622.jpg
image_623.jpg,mask_623.jpg
image_624.jpg,mask_624.jpg
image_625.jpg,mask_625.jpg
image_626.jpg,mask_626.jpg
image_627.jpg,mask_627.jpg
image_628.jpg,mask_628.jpg
image_629.jpg,mask_629.jpg
image_630.jpg,mask_630.jpg
image_631.jpg,mask_631.jpg
image_632.jpg,mask_632.jpg
image_633.jpg,mask_633.jpg
image_634.jpg,mask_634.jpg
image_635.jpg,mask_635.jpg
image_636.jpg,mask_636.jpg
image_637.jpg,mask_637.jpg
image_638.jpg,mask_638.jpg
image_639.jpg,mask_639.jpg
image_640.jpg,mask_640.jpg
image_641.jpg,mask_641.jpg
image_642.jpg,mask_642.jpg
image_643.jpg,mask_643.jpg
image_644.jpg,mask_644.jpg
image_645.jpg,mask_645.jpg
image_646.jpg,mask_646.jpg
image_647.jpg,mask_647.jpg
image_648.jpg,mask_648.jpg
image_649.jpg,mask_649.jpg
image_650.jpg,mask_650.jpg
image_651.jpg,mask_651.jpg
image_652.jpg,mask_652.jpg
image_653.jpg,mask_653.jpg
image_654.jpg,mask_654.jpg
image_655.jpg,mask_655.jpg
image_656.jpg,mask_656.jpg
image_657.jpg,mask_657.jpg
image_658.jpg,mask_658.jpg
image_659.jpg,mask_659.jpg
image_660.jpg,mask_660.jpg
image_661.jpg,mask_661.jpg
image_662.jpg,mask_662.jpg
image_663.jpg,mask_663.jpg
image_664.jpg,mask_664.jpg
image_665.jpg,mask_665.jpg
image_666.jpg,mask_666.jpg
image_667.jpg,mask_667.jpg
image_668.jpg,mask_668.jpg
image_669.jpg,mask_669.jpg
image_670.jpg,mask_670.jpg
image_671.jpg,mask_671.jpg
image_672.jpg,mask_672.jpg
image_673.jpg,mask_673.jpg
image_674.jpg,mask_674.jpg
image_675.jpg,mask_675.jpg
image_676.jpg,mask_676.jpg
image_677.jpg,mask_677.jpg
image_678.jpg,mask_678.jpg
image_679.jpg,mask_679.jpg
image_680.jpg,mask_680.jpg
image_681.jpg,mask_681.jpg
image_682.jpg,mask_682.jpg
image_683.jpg,mask_683.jpg
image_684.jpg,mask_684.jpg
image_685.jpg,mask_685.jpg
image_686.jpg,mask_686.jpg
image_687.jpg,mask_687.jpg
image_688.jpg,mask_688.jpg
image_689.jpg,mask_689.jpg
image_690.jpg,mask_690.jpg
image_691.jpg,mask_691.jpg
image_692.jpg,mask_692.jpg
image_693.jpg,mask_693.jpg
image_694.jpg,mask_694.jpg
image_695.jpg,mask_695.jpg
image_696.jpg,mask_696.jpg
image_697.jpg,mask_697.jpg
image_698.jpg,mask_698.jpg
image_699.jpg,mask_699.jpg
image_700.jpg,mask_700.jpg
image_701.jpg,mask_701.jpg
image_702.jpg,mask_702.jpg
image_703.jpg,mask_703.jpg
image_704.jpg,mask_704.jpg
image_705.jpg,mask_705.jpg
image_706.jpg,mask_706.jpg
image_707.jpg,mask_707.jpg
image_708.jpg,mask_708.jpg
image_709.jpg,mask_709.jpg
image_710.jpg,mask_710.jpg
image_711.jpg,mask_711.jpg
image_712.jpg,mask_712.jpg
image_713.jpg,mask_713.jpg
image_714.jpg,mask_714.jpg
image_715.jpg,mask_715.jpg
image_716.jpg,mask_716.jpg
image_717.jpg,mask_717.jpg
image_718.jpg,mask_718.jpg
image_719.jpg,mask_719.jpg
image_720.jpg,mask_720.jpg
image_721.jpg,mask_721.jpg
image_722.jpg,mask_722.jpg
image_723.jpg,mask_723.jpg
image_724.jpg,mask_724.jpg
image_725.jpg,mask_725.jpg
image_726.jpg,mask_726.jpg
image_727.jpg,mask_727.jpg
image_728.jpg,mask_728.jpg
image_729.jpg,mask_729.jpg
image_730.jpg,mask_730.jpg
image_731.jpg,mask_731.jpg
image_732.jpg,mask_732.jpg
image_733.jpg,mask_733.jpg
image_734.jpg,mask_734.jpg
image_735.jpg,mask_735.jpg
image_736.jpg,mask_736.jpg
image_737.jpg,mask_737.jpg
image_738.jpg,mask_738.jpg
image_739.jpg,mask_739.jpg
image_740.jpg,mask_740.jpg
image_741.jpg,mask_741.jpg
image_742.jpg,mask_742.jpg
image_743.jpg,mask_743.jpg
image_744.jpg,mask_744.jpg
image_745.jpg,mask_745.jpg
image_746.jpg,mask_746.jpg
image_747.jpg,mask_747.jpg
image_748.jpg,mask_748.jpg
image_749.jpg,mask_749.jpg
image_750.jpg,mask_750.jpg
image_751.jpg,mask_751.jpg
image_752.jpg,mask_752.jpg
image_753.jpg,mask_753.jpg
image_754.jpg,mask_754.jpg
image_755.jpg,mask_755.jpg
image_756.jpg,mask_756.jpg
image_757.jpg,mask_757.jpg
image_758.jpg,mask_758.jpg
image_759.jpg,mask_759.jpg
image_760.jpg,mask_760.jpg
image_761.jpg,mask_761.jpg
image_762.jpg,mask_762.jpg
image_763.jpg,mask_763.jpg
image_764.jpg,mask_764.jpg
image_765.jpg,mask_765.jpg
image_766.jpg,mask_766.jpg
image_767.jpg,mask_767.jpg
image_768.jpg,mask_768.jpg
image_769.jpg,mask_769.jpg
image_770.jpg,mask_770.jpg
image_771.jpg,mask_771.jpg
image_772.jpg,mask_772.jpg
image_773.jpg,mask_773.jpg
image_774.jpg,mask_774.jpg
image_775.jpg,mask_775.jpg
image_776.jpg,mask_776.jpg
image_777.jpg,mask_777.jpg
image_778.jpg,mask_778.jpg
image_779.jpg,mask_779.jpg
image_780.jpg,mask_780.jpg
image_781.jpg,mask_781.jpg
image_782.jpg,mask_782.jpg
image_783.jpg,mask_783.jpg
image_784.jpg,mask_784.jpg
image_785.jpg,mask_785.jpg
image_786.jpg,mask_786.jpg
image_787.jpg,mask_787.jpg
image_788.jpg,mask_788.jpg
image_789.jpg,mask_789.jpg
image_790.jpg,mask_790.jpg
image_791.jpg,mask_791.jpg
image_792.jpg,mask_792.jpg
image_793.jpg,mask_793.jpg
image_794.jpg,mask_794.jpg
image_795.jpg,mask_795.jpg
image_796.jpg,mask_796.jpg
image_797.jpg,mask_797.jpg
image_798.jpg,mask_798.jpg
image_799.jpg,mask_799.jpg
image_800.jpg,mask_800.jpg
image_801.jpg,mask_801.jpg
image_802.jpg,mask_802.jpg
image_803.jpg,mask_803.jpg
image_804.jpg,mask_804.jpg
image_805.jpg,mask_805.jpg
image_806.jpg,mask_806.jpg
image_807.jpg,mask_807.jpg
image_808.jpg,mask_808.jpg
image_809.jpg,mask_809.jpg
image_810.jpg,mask_810.jpg
image_811.jpg,mask_811.jpg
image_812.jpg,mask_812.jpg
image_813.jpg,mask_813.jpg
image_814.jpg,mask_814.jpg
image_815.jpg,mask_815.jpg
image_816.jpg,mask_816.jpg
image_817.jpg,mask_817.jpg
image_818.jpg,mask_818.jpg
image_819.jpg,mask_819.jpg
image_820.jpg,mask_820.jpg
image_821.jpg,mask_821.jpg
image_822.jpg,mask_822.jpg
image_823.jpg,mask_823.jpg
image_824.jpg,mask_824.jpg
image_825.jpg,mask_825.jpg
image_826.jpg,mask_826.jpg
image_827.jpg,mask_827.jpg
image_828.jpg,mask_828.jpg
image_829.jpg,mask_829.jpg
image_830.jpg,mask_830.jpg
image_831.jpg,mask_831.jpg
image_832.jpg,mask_832.jpg
image_833.jpg,mask_833.jpg
image_834.jpg,mask_834.jpg
image_835.jpg,mask_835.jpg
image_836.jpg,mask_836.jpg
image_837.jpg,mask_837.jpg
image_838.jpg,mask_838.jpg
image_839.jpg,mask_839.jpg
image_840.jpg,mask_840.jpg
image_841.jpg,mask_841.jpg
image_842.jpg,mask_842.jpg
image_843.jpg,mask_843.jpg
image_844.jpg,mask_844.jpg
image_845.jpg,mask_845.jpg
image_846.jpg,mask_846.jpg
image_847.jpg,mask_847.jpg
image_848.jpg,mask_848.jpg
image_849.jpg,mask_849.jpg
image_850.jpg,mask_850.jpg
image_851.jpg,mask_851.jpg
image_852.jpg,mask_852.jpg
image_853.jpg,mask_853.jpg
image_854.jpg,mask_854.jpg
image_855.jpg,mask_855.jpg
image_856.jpg,mask_856.jpg
image_857.jpg,mask_857.jpg
image_858.jpg,mask_858.jpg
image_859.jpg,mask_859.jpg
image_860.jpg,mask_860.jpg
image_861.jpg,mask_861.jpg
image_862.jpg,mask_862.jpg
image_863.jpg,mask_863.jpg
image_864.jpg,mask_864.jpg
image_865.jpg,mask_865.jpg
image_866.jpg,mask_866.jpg
image_867.jpg,mask_867.jpg
image_868.jpg,mask_868.jpg
image_869.jpg,mask_869.jpg
image_870.jpg,mask_870.jpg
image_871.jpg,mask_871.jpg
image_872.jpg,mask_872.jpg
image_873.jpg,mask_873.jpg
image_874.jpg,mask_874.jpg
image_875.jpg,mask_875.jpg
image_876.jpg,mask_876.jpg
image_877.jpg,mask_877.jpg
image_878.jpg,mask_878.jpg
image_879.jpg,mask_879.jpg
image_880.jpg,mask_880.jpg
image_881.jpg,mask_881.jpg
image_882.jpg,mask_882.jpg
image_883.jpg,mask_883.jpg
image_884.jpg,mask_884.jpg
image_885.jpg,mask_885.jpg
image_886.jpg,mask_886.jpg
image_887.jpg,mask_887.jpg
image_888.jpg,mask_888.jpg
image_889.jpg,mask_889.jpg
image_890.jpg,mask_890.jpg
image_891.jpg,mask_891.jpg
image_892.jpg,mask_892.jpg
image_893.jpg,mask_893.jpg
image_894.jpg,mask_894.jpg
image_895.jpg,mask_895.jpg
image_896.jpg,mask_896.jpg
image_897.jpg,mask_897.jpg
image_898.jpg,mask_898.jpg
image_899.jpg,mask_899.jpg
image_900.jpg,mask_900.jpg
image_901.jpg,mask_901.jpg
image_902.jpg,mask_902.jpg
image_903.jpg,mask_903.jpg
image_904.jpg,mask_904.jpg
image_905.jpg,mask_905.jpg
image_906.jpg,mask_906.jpg
image_907.jpg,mask_907.jpg
image_908.jpg,mask_908.jpg
image_909.jpg,mask_909.jpg
image_910.jpg,mask_910.jpg
image_911.jpg,mask_911.jpg
image_912.jpg,mask_912.jpg
image_913.jpg,mask_913.jpg
image_914.jpg,mask_914.jpg
image_915.jpg,mask_915.jpg
image_916.jpg,mask_916.jpg
image_917.jpg,mask_917.jpg
image_918.jpg,mask_918.jpg
image_919.jpg,mask_919.jpg
image_920.jpg,mask_920.jpg
image_921.jpg,mask_921.jpg
image_922.jpg,mask_922.jpg
image_923.jpg,mask_923.jpg
image_924.jpg,mask_924.jpg
image_925.jpg,mask_925.jpg
image_926.jpg,mask_926.jpg
image_927.jpg,mask_927.jpg
image_928.jpg,mask_928.jpg
image_929.jpg,mask_929.jpg
image_930.jpg,mask_930.jpg
image_931.jpg,mask_931.jpg
image_932.jpg,mask_932.jpg
image_933.jpg,mask_933.jpg
image_934.jpg,mask_934.jpg
image_935.jpg,mask_935.jpg
image_936.jpg,mask_936.jpg
image_937.jpg,mask_937.jpg
image_938.jpg,mask_938.jpg
image_939.jpg,mask_939.jpg
image_940.jpg,mask_940.jpg
image_941.jpg,mask_941.jpg
image_942.jpg,mask_942.jpg
image_943.jpg,mask_943.jpg
image_944.jpg,mask_944.jpg
image_945.jpg,mask_945.jpg
image_946.jpg,mask_946.jpg
image_947.jpg,mask_947.jpg
image_948.jpg,mask_948.jpg
image_949.jpg,mask_949.jpg
image_950.jpg,mask_950.jpg
image_951.jpg,mask_951.jpg
image_952.jpg,mask_952.jpg
image_953.jpg,mask_953.jpg
image_954.jpg,mask_954.jpg
image_955.jpg,mask_955.jpg
image_956.jpg,mask_956.jpg
image_957.jpg,mask_957.jpg
image_958.jpg,mask_958.jpg
image_959.jpg,mask_959.jpg
image_960.jpg,mask_960.jpg
image_961.jpg,mask_961.jpg
image_962.jpg,mask_962.jpg
image_963.jpg,mask_963.jpg
image_964.jpg,mask_964.jpg
image_965.jpg,mask_965.jpg
image_966.jpg,mask_966.jpg
image_967.jpg,mask_967.jpg
image_968.jpg,mask_968.jpg
image_969.jpg,mask_969.jpg
image_970.jpg,mask_970.jpg
image_971.jpg,mask_971.jpg
image_972.jpg,mask_972.jpg
image_973.jpg,mask_973.jpg
image_974.jpg,mask_974.jpg
image_975.jpg,mask_975.jpg
image_976.jpg,mask_976.jpg
image_977.jpg,mask_977.jpg
image_978.jpg,mask_978.jpg
image_979.jpg,mask_979.jpg
image_980.jpg,mask_980.jpg
image_981.jpg,mask_981.jpg
image_982.jpg,mask_982.jpg
image_983.jpg,mask_983.jpg
image_984.jpg,mask_984.jpg
image_985.jpg,mask_985.jpg
image_986.jpg,mask_986.jpg
image_987.jpg,mask_987.jpg
image_988.jpg,mask_988.jpg
image_989.jpg,mask_989.jpg
image_990.jpg,mask_990.jpg
image_991.jpg,mask_991.jpg
image_992.jpg,mask_992.jpg
image_993.jpg,mask_993.jpg
image_994.jpg,mask_994.jpg
image_995.jpg,mask_995.jpg
image_996.jpg,mask_996.jpg
image_997.jpg,mask_997.jpg
image_998.jpg,mask_998.jpg
image_999.jpg,mask_999.jpg
image_1000.jpg,mask_1000.jpg
image_1001.jpg,mask_1001.jpg
image_1002.jpg,mask_1002.jpg
image_1003.jpg,mask_1003.jpg
image_1004.jpg,mask_1004.jpg
image_1005.jpg,mask_1005.jpg
image_1006.jpg,mask_1006.jpg
image_1007.jpg,mask_1007.jpg
image_1008.jpg,mask_1008.jpg
image_1009.jpg,mask_1009.jpg
image_1010.jpg,mask_1010.jpg
image_1011.jpg,mask_1011.jpg
image_1012.jpg,mask_1012.jpg
image_1013.jpg,mask_1013.jpg
image_1014.jpg,mask_1014.jpg
image_1015.jpg,mask_1015.jpg
image_3966.jpg,mask_3966.jpg
image_3969.jpg,mask_3969.jpg
image_3972.jpg,mask_3972.jpg
image_3973.jpg,mask_3973.jpg
image_3974.jpg,mask_3974.jpg
image_3975.jpg,mask_3975.jpg
image_3979.jpg,mask_3979.jpg
image_3980.jpg,mask_3980.jpg
image_3982.jpg,mask_3982.jpg
image_3985.jpg,mask_3985.jpg
image_3987.jpg,mask_3987.jpg
image_3990.jpg,mask_3990.jpg
image_3994.jpg,mask_3994.jpg
image_3995.jpg,mask_3995.jpg
image_3999.jpg,mask_3999.jpg
image_4000.jpg,mask_4000.jpg
image_4006.jpg,mask_4006.jpg
image_4010.jpg,mask_4010.jpg
image_4011.jpg,mask_4011.jpg
image_4012.jpg,mask_4012.jpg
image_4013.jpg,mask_4013.jpg
image_4014.jpg,mask_4014.jpg
image_4015.jpg,mask_4015.jpg
image_4016.jpg,mask_4016.jpg
image_4017.jpg,mask_4017.jpg
image_4018.jpg,mask_4018.jpg
image_4019.jpg,mask_4019.jpg
image_4020.jpg,mask_4020.jpg
image_4021.jpg,mask_4021.jpg
image_4022.jpg,mask_4022.jpg
image_4023.jpg,mask_4023.jpg
image_4024.jpg,mask_4024.jpg
image_4025.jpg,mask_4025.jpg
image_4026.jpg,mask_4026.jpg
image_4027.jpg,mask_4027.jpg
image_4028.jpg,mask_4028.jpg
image_4029.jpg,mask_4029.jpg
image_4030.jpg,mask_4030.jpg
image_4031.jpg,mask_4031.jpg
image_4032.jpg,mask_4032.jpg
image_4033.jpg,mask_4033.jpg
image_4034.jpg,mask_4034.jpg
image_4035.jpg,mask_4035.jpg
image_4036.jpg,mask_4036.jpg
image_4037.jpg,mask_4037.jpg
image_4038.jpg,mask_4038.jpg
image_4039.jpg,mask_4039.jpg
image_4040.jpg,mask_4040.jpg
image_4041.jpg,mask_4041.jpg
image_4042.jpg,mask_4042.jpg
image_4043.jpg,mask_4043.jpg
image_4044.jpg,mask_4044.jpg
image_4045.jpg,mask_4045.jpg
image_4046.jpg,mask_4046.jpg
image_4047.jpg,mask_4047.jpg
image_4048.jpg,mask_4048.jpg
image_4049.jpg,mask_4049.jpg
image_4050.jpg,mask_4050.jpg
image_4051.jpg,mask_4051.jpg
image_4052.jpg,mask_4052.jpg
image_4053.jpg,mask_4053.jpg
image_4054.jpg,mask_4054.jpg
image_4055.jpg,mask_4055.jpg
image_4056.jpg,mask_4056.jpg
image_4057.jpg,mask_4057.jpg
image_4058.jpg,mask_4058.jpg
image_4059.jpg,mask_4059.jpg
image_4060.jpg,mask_4060.jpg
image_4061.jpg,mask_4061.jpg
image_4062.jpg,mask_4062.jpg
image_4063.jpg,mask_4063.jpg
image_4064.jpg,mask_4064.jpg
image_4065.jpg,mask_4065.jpg
image_4066.jpg,mask_4066.jpg
image_4067.jpg,mask_4067.jpg
image_4068.jpg,mask_4068.jpg
image_4069.jpg,mask_4069.jpg
image_4070.jpg,mask_4070.jpg
image_4071.jpg,mask_4071.jpg
image_4072.jpg,mask_4072.jpg
image_4073.jpg,mask_4073.jpg
image_4074.jpg,mask_4074.jpg
image_4075.jpg,mask_4075.jpg
image_4076.jpg,mask_4076.jpg
image_4077.jpg,mask_4077.jpg
image_4078.jpg,mask_4078.jpg
image_4079.jpg,mask_4079.jpg
image_4080.jpg,mask_4080.jpg
image_4081.jpg,mask_4081.jpg
image_4082.jpg,mask_4082.jpg
image_4083.jpg,mask_4083.jpg
image_4084.jpg,mask_4084.jpg
image_4085.jpg,mask_4085.jpg
image_4086.jpg,mask_4086.jpg
image_4087.jpg,mask_4087.jpg
image_4088.jpg,mask_4088.jpg
image_4089.jpg,mask_4089.jpg
image_4090.jpg,mask_4090.jpg
image_4091.jpg,mask_4091.jpg
image_4092.jpg,mask_4092.jpg
image_4093.jpg,mask_4093.jpg
image_4094.jpg,mask_4094.jpg
image_4095.jpg,mask_4095.jpg
image_4096.jpg,mask_4096.jpg
image_4097.jpg,mask_4097.jpg
image_4098.jpg,mask_4098.jpg
image_4099.jpg,mask_4099.jpg
image_4100.jpg,mask_4100.jpg
image_4101.jpg,mask_4101.jpg
image_4102.jpg,mask_4102.jpg
image_4103.jpg,mask_4103.jpg
image_4104.jpg,mask_4104.jpg
image_4105.jpg,mask_4105.jpg
image_4106.jpg,mask_4106.jpg
image_4107.jpg,mask_4107.jpg
image_4108.jpg,mask_4108.jpg
image_4109.jpg,mask_4109.jpg
image_4110.jpg,mask_4110.jpg
image_4111.jpg,mask_4111.jpg
image_4112.jpg,mask_4112.jpg
image_4113.jpg,mask_4113.jpg
image_4114.jpg,mask_4114.jpg
image_4115.jpg,mask_4115.jpg
image_4116.jpg,mask_4116.jpg
image_4117.jpg,mask_4117.jpg
image_4118.jpg,mask_4118.jpg
image_4119.jpg,mask_4119.jpg
image_4120.jpg,mask_4120.jpg
image_4121.jpg,mask_4121.jpg
image_4122.jpg,mask_4122.jpg
image_4123.jpg,mask_4123.jpg
image_4124.jpg,mask_4124.jpg
image_4125.jpg,mask_4125.jpg
image_4126.jpg,mask_4126.jpg
image_4127.jpg,mask_4127.jpg
image_4128.jpg,mask_4128.jpg
image_4129.jpg,mask_4129.jpg
image_4130.jpg,mask_4130.jpg
image_4131.jpg,mask_4131.jpg
image_4132.jpg,mask_4132.jpg
image_4133.jpg,mask_4133.jpg
image_4134.jpg,mask_4134.jpg
image_4135.jpg,mask_4135.jpg
image_4136.jpg,mask_4136.jpg
image_4137.jpg,mask_4137.jpg
image_4138.jpg,mask_4138.jpg
image_4139.jpg,mask_4139.jpg
image_4140.jpg,mask_4140.jpg
image_4141.jpg,mask_4141.jpg
image_4142.jpg,mask_4142.jpg
image_4143.jpg,mask_4143.jpg
image_4144.jpg,mask_4144.jpg
image_4145.jpg,mask_4145.jpg
image_4146.jpg,mask_4146.jpg
image_4147.jpg,mask_4147.jpg
image_4148.jpg,mask_4148.jpg
image_4149.jpg,mask_4149.jpg
image_4150.jpg,mask_4150.jpg
image_4151.jpg,mask_4151.jpg
image_4152.jpg,mask_4152.jpg
image_4153.jpg,mask_4153.jpg
image_4154.jpg,mask_4154.jpg
image_4155.jpg,mask_4155.jpg
image_4156.jpg,mask_4156.jpg
image_4157.jpg,mask_4157.jpg
image_4158.jpg,mask_4158.jpg
image_4159.jpg,mask_4159.jpg
image_4160.jpg,mask_4160.jpg
image_4161.jpg,mask_4161.jpg
image_4162.jpg,mask_4162.jpg
image_4163.jpg,mask_4163.jpg
image_4164.jpg,mask_4164.jpg
image_4165.jpg,mask_4165.jpg
image_4166.jpg,mask_4166.jpg
image_4167.jpg,mask_4167.jpg
image_4168.jpg,mask_4168.jpg
image_4169.jpg,mask_4169.jpg
image_4170.jpg,mask_4170.jpg
image_4171.jpg,mask_4171.jpg
image_4172.jpg,mask_4172.jpg
image_4173.jpg,mask_4173.jpg
image_4174.jpg,mask_4174.jpg
image_4175.jpg,mask_4175.jpg
image_4176.jpg,mask_4176.jpg
image_4177.jpg,mask_4177.jpg
image_4178.jpg,mask_4178.jpg
image_4179.jpg,mask_4179.jpg
image_4180.jpg,mask_4180.jpg
image_4181.jpg,mask_4181.jpg
image_4182.jpg,mask_4182.jpg
image_4183.jpg,mask_4183.jpg
image_4184.jpg,mask_4184.jpg
image_4185.jpg,mask_4185.jpg
image_4186.jpg,mask_4186.jpg
image_4187.jpg,mask_4187.jpg
image_4188.jpg,mask_4188.jpg
image_4189.jpg,mask_4189.jpg
image_4190.jpg,mask_4190.jpg
image_4191.jpg,mask_4191.jpg
image_4192.jpg,mask_4192.jpg
image_4193.jpg,mask_4193.jpg
image_4194.jpg,mask_4194.jpg
image_4195.jpg,mask_4195.jpg
image_4196.jpg,mask_4196.jpg
image_4197.jpg,mask_4197.jpg
image_4198.jpg,mask_4198.jpg
image_4199.jpg,mask_4199.jpg
image_4200.jpg,mask_4200.jpg
image_4201.jpg,mask_4201.jpg
image_4202.jpg,mask_4202.jpg
image_4203.jpg,mask_4203.jpg
image_4204.jpg,mask_4204.jpg
image_4205.jpg,mask_4205.jpg
image_4206.jpg,mask_4206.jpg
image_4207.jpg,mask_4207.jpg
image_4208.jpg,mask_4208.jpg
image_4209.jpg,mask_4209.jpg
image_4210.jpg,mask_4210.jpg
image_4211.jpg,mask_4211.jpg
image_4212.jpg,mask_4212.jpg
image_4213.jpg,mask_4213.jpg
image_4214.jpg,mask_4214.jpg
image_4215.jpg,mask_4215.jpg
image_4216.jpg,mask_4216.jpg
image_4217.jpg,mask_4217.jpg
image_4218.jpg,mask_4218.jpg
image_4219.jpg,mask_4219.jpg
image_4220.jpg,mask_4220.jpg
image_4221.jpg,mask_4221.jpg
image_4222.jpg,mask_4222.jpg
image_4223.jpg,mask_4223.jpg
image_4224.jpg,mask_4224.jpg
image_4225.jpg,mask_4225.jpg
image_4226.jpg,mask_4226.jpg
image_4227.jpg,mask_4227.jpg
image_4228.jpg,mask_4228.jpg
image_4231.jpg,mask_4231.jpg
image_4236.jpg,mask_4236.jpg
image_4246.jpg,mask_4246.jpg
image_4252.jpg,mask_4252.jpg
image_4255.jpg,mask_4255.jpg
image_4259.jpg,mask_4259.jpg
image_4260.jpg,mask_4260.jpg
image_4261.jpg,mask_4261.jpg
image_4262.jpg,mask_4262.jpg
image_4265.jpg,mask_4265.jpg
image_4266.jpg,mask_4266.jpg
image_4267.jpg,mask_4267.jpg
image_4269.jpg,mask_4269.jpg
image_4270.jpg,mask_4270.jpg
image_4272.jpg,mask_4272.jpg
image_4276.jpg,mask_4276.jpg
image_4278.jpg,mask_4278.jpg
image_4281.jpg,mask_4281.jpg
image_4284.jpg,mask_4284.jpg
image_4345.jpg,mask_4345.jpg
image_4346.jpg,mask_4346.jpg
image_4347.jpg,mask_4347.jpg
image_4348.jpg,mask_4348.jpg
image_4349.jpg,mask_4349.jpg
image_4350.jpg,mask_4350.jpg
image_4351.jpg,mask_4351.jpg
image_4352.jpg,mask_4352.jpg
image_4353.jpg,mask_4353.jpg
image_4355.jpg,mask_4355.jpg
image_4356.jpg,mask_4356.jpg
image_4357.jpg,mask_4357.jpg
image_4358.jpg,mask_4358.jpg
image_4359.jpg,mask_4359.jpg
image_4360.jpg,mask_4360.jpg
image_4361.jpg,mask_4361.jpg
image_4362.jpg,mask_4362.jpg
image_4363.jpg,mask_4363.jpg
image_4364.jpg,mask_4364.jpg
image_4365.jpg,mask_4365.jpg
image_4366.jpg,mask_4366.jpg
image_4367.jpg,mask_4367.jpg
image_4368.jpg,mask_4368.jpg
image_4370.jpg,mask_4370.jpg
image_4371.jpg,mask_4371.jpg
image_4372.jpg,mask_4372.jpg
image_4373.jpg,mask_4373.jpg
image_4374.jpg,mask_4374.jpg
image_4375.jpg,mask_4375.jpg
image_4376.jpg,mask_4376.jpg
image_4377.jpg,mask_4377.jpg
image_4378.jpg,mask_4378.jpg
image_4380.jpg,mask_4380.jpg
image_4381.jpg,mask_4381.jpg
image_4382.jpg,mask_4382.jpg
image_4383.jpg,mask_4383.jpg
image_4384.jpg,mask_4384.jpg
image_4385.jpg,mask_4385.jpg
image_4386.jpg,mask_4386.jpg
image_4387.jpg,mask_4387.jpg
image_4388.jpg,mask_4388.jpg
image_4389.jpg,mask_4389.jpg
image_4390.jpg,mask_4390.jpg
image_4391.jpg,mask_4391.jpg
image_4392.jpg,mask_4392.jpg
image_4393.jpg,mask_4393.jpg
image_4394.jpg,mask_4394.jpg
image_4395.jpg,mask_4395.jpg
image_4396.jpg,mask_4396.jpg
image_4397.jpg,mask_4397.jpg
image_4398.jpg,mask_4398.jpg
image_4399.jpg,mask_4399.jpg
image_4400.jpg,mask_4400.jpg
image_4401.jpg,mask_4401.jpg
image_4402.jpg,mask_4402.jpg
image_4403.jpg,mask_4403.jpg
image_4404.jpg,mask_4404.jpg
image_4405.jpg,mask_4405.jpg
image_4406.jpg,mask_4406.jpg
image_4407.jpg,mask_4407.jpg
image_4408.jpg,mask_4408.jpg
image_4409.jpg,mask_4409.jpg
image_4410.jpg,mask_4410.jpg
image_4411.jpg,mask_4411.jpg
image_4412.jpg,mask_4412.jpg
image_4413.jpg,mask_4413.jpg
image_4414.jpg,mask_4414.jpg
image_4415.jpg,mask_4415.jpg
image_4416.jpg,mask_4416.jpg
image_4417.jpg,mask_4417.jpg
image_4418.jpg,mask_4418.jpg
image_4419.jpg,mask_4419.jpg
image_4420.jpg,mask_4420.jpg
image_4421.jpg,mask_4421.jpg
image_4422.jpg,mask_4422.jpg
image_4423.jpg,mask_4423.jpg
image_4424.jpg,mask_4424.jpg
image_4425.jpg,mask_4425.jpg
image_4426.jpg,mask_4426.jpg
image_4427.jpg,mask_4427.jpg
image_4428.jpg,mask_4428.jpg
image_4429.jpg,mask_4429.jpg
image_4430.jpg,mask_4430.jpg
image_4431.jpg,mask_4431.jpg
image_4432.jpg,mask_4432.jpg
image_4433.jpg,mask_4433.jpg
image_4434.jpg,mask_4434.jpg
image_4435.jpg,mask_4435.jpg
image_4436.jpg,mask_4436.jpg
image_4437.jpg,mask_4437.jpg
image_4438.jpg,mask_4438.jpg
image_4439.jpg,mask_4439.jpg
image_4440.jpg,mask_4440.jpg
image_4441.jpg,mask_4441.jpg
image_4442.jpg,mask_4442.jpg
image_4443.jpg,mask_4443.jpg
image_4444.jpg,mask_4444.jpg
image_4445.jpg,mask_4445.jpg
image_4446.jpg,mask_4446.jpg
image_4447.jpg,mask_4447.jpg
image_4448.jpg,mask_4448.jpg
image_4449.jpg,mask_4449.jpg
image_4450.jpg,mask_4450.jpg
image_4451.jpg,mask_4451.jpg
image_4452.jpg,mask_4452.jpg
image_4453.jpg,mask_4453.jpg
image_4454.jpg,mask_4454.jpg
image_4455.jpg,mask_4455.jpg
image_4456.jpg,mask_4456.jpg
image_4457.jpg,mask_4457.jpg
image_4458.jpg,mask_4458.jpg
image_4459.jpg,mask_4459.jpg
image_4460.jpg,mask_4460.jpg
image_4461.jpg,mask_4461.jpg
image_4462.jpg,mask_4462.jpg
image_4463.jpg,mask_4463.jpg
image_4464.jpg,mask_4464.jpg
image_4465.jpg,mask_4465.jpg
image_4466.jpg,mask_4466.jpg
image_4468.jpg,mask_4468.jpg
image_4469.jpg,mask_4469.jpg
image_4470.jpg,mask_4470.jpg
image_4471.jpg,mask_4471.jpg
image_4472.jpg,mask_4472.jpg
image_4473.jpg,mask_4473.jpg
image_4474.jpg,mask_4474.jpg
image_4475.jpg,mask_4475.jpg
image_4477.jpg,mask_4477.jpg
image_4478.jpg,mask_4478.jpg
image_4479.jpg,mask_4479.jpg
image_4481.jpg,mask_4481.jpg
image_4482.jpg,mask_4482.jpg
image_4484.jpg,mask_4484.jpg
image_4485.jpg,mask_4485.jpg
image_4486.jpg,mask_4486.jpg
image_4487.jpg,mask_4487.jpg
image_4488.jpg,mask_4488.jpg
image_4489.jpg,mask_4489.jpg
image_4490.jpg,mask_4490.jpg
image_4491.jpg,mask_4491.jpg
image_4492.jpg,mask_4492.jpg
image_4493.jpg,mask_4493.jpg
image_4494.jpg,mask_4494.jpg
image_4495.jpg,mask_4495.jpg
image_4496.jpg,mask_4496.jpg
image_4497.jpg,mask_4497.jpg
image_4498.jpg,mask_4498.jpg
image_4499.jpg,mask_4499.jpg
image_4502.jpg,mask_4502.jpg
image_4503.jpg,mask_4503.jpg
image_4546.jpg,mask_4546.jpg
image_4547.jpg,mask_4547.jpg
image_4548.jpg,mask_4548.jpg
image_4549.jpg,mask_4549.jpg
image_4550.jpg,mask_4550.jpg
image_4551.jpg,mask_4551.jpg
image_4552.jpg,mask_4552.jpg
image_4554.jpg,mask_4554.jpg
image_4556.jpg,mask_4556.jpg
image_4557.jpg,mask_4557.jpg
image_4558.jpg,mask_4558.jpg
image_4559.jpg,mask_4559.jpg
image_4560.jpg,mask_4560.jpg
image_4561.jpg,mask_4561.jpg
image_4562.jpg,mask_4562.jpg
image_4563.jpg,mask_4563.jpg
image_4564.jpg,mask_4564.jpg
image_4565.jpg,mask_4565.jpg
image_4566.jpg,mask_4566.jpg
image_4567.jpg,mask_4567.jpg
image_4568.jpg,mask_4568.jpg
image_4569.jpg,mask_4569.jpg
image_4570.jpg,mask_4570.jpg
image_4571.jpg,mask_4571.jpg
image_4572.jpg,mask_4572.jpg
image_4573.jpg,mask_4573.jpg
image_4574.jpg,mask_4574.jpg
image_4575.jpg,mask_4575.jpg
image_4576.jpg,mask_4576.jpg
image_4577.jpg,mask_4577.jpg
image_4578.jpg,mask_4578.jpg
image_4579.jpg,mask_4579.jpg
image_4580.jpg,mask_4580.jpg
image_4581.jpg,mask_4581.jpg
image_4582.jpg,mask_4582.jpg
image_4584.jpg,mask_4584.jpg
image_4586.jpg,mask_4586.jpg
image_4587.jpg,mask_4587.jpg
image_4588.jpg,mask_4588.jpg
image_4589.jpg,mask_4589.jpg
image_4590.jpg,mask_4590.jpg
image_4591.jpg,mask_4591.jpg
image_4592.jpg,mask_4592.jpg
image_4593.jpg,mask_4593.jpg
image_4594.jpg,mask_4594.jpg
image_4595.jpg,mask_4595.jpg
image_4596.jpg,mask_4596.jpg
image_4597.jpg,mask_4597.jpg
image_4598.jpg,mask_4598.jpg
image_4599.jpg,mask_4599.jpg
image_4600.jpg,mask_4600.jpg
image_4601.jpg,mask_4601.jpg
image_4602.jpg,mask_4602.jpg
image_4603.jpg,mask_4603.jpg
image_4604.jpg,mask_4604.jpg
image_4605.jpg,mask_4605.jpg
image_4606.jpg,mask_4606.jpg
image_4607.jpg,mask_4607.jpg
image_4608.jpg,mask_4608.jpg
image_4609.jpg,mask_4609.jpg
image_4610.jpg,mask_4610.jpg
image_4611.jpg,mask_4611.jpg
image_4612.jpg,mask_4612.jpg
image_4613.jpg,mask_4613.jpg
image_4614.jpg,mask_4614.jpg
image_4615.jpg,mask_4615.jpg
image_4616.jpg,mask_4616.jpg
image_4617.jpg,mask_4617.jpg
image_4618.jpg,mask_4618.jpg
image_4619.jpg,mask_4619.jpg
image_4620.jpg,mask_4620.jpg
image_4621.jpg,mask_4621.jpg
image_4622.jpg,mask_4622.jpg
image_4623.jpg,mask_4623.jpg
image_4624.jpg,mask_4624.jpg
image_4625.jpg,mask_4625.jpg
image_4626.jpg,mask_4626.jpg
image_4627.jpg,mask_4627.jpg
image_4628.jpg,mask_4628.jpg
image_4629.jpg,mask_4629.jpg
image_4630.jpg,mask_4630.jpg
image_4631.jpg,mask_4631.jpg
image_4632.jpg,mask_4632.jpg
image_4633.jpg,mask_4633.jpg
image_4634.jpg,mask_4634.jpg
image_4635.jpg,mask_4635.jpg
image_4636.jpg,mask_4636.jpg
image_4637.jpg,mask_4637.jpg
image_4638.jpg,mask_4638.jpg
image_4639.jpg,mask_4639.jpg
image_4640.jpg,mask_4640.jpg
image_4641.jpg,mask_4641.jpg
image_4642.jpg,mask_4642.jpg
image_4643.jpg,mask_4643.jpg
image_4644.jpg,mask_4644.jpg
image_4645.jpg,mask_4645.jpg
image_4646.jpg,mask_4646.jpg
image_4647.jpg,mask_4647.jpg
image_4648.jpg,mask_4648.jpg
image_4649.jpg,mask_4649.jpg
image_4650.jpg,mask_4650.jpg
image_4651.jpg,mask_4651.jpg
image_4652.jpg,mask_4652.jpg
image_4653.jpg,mask_4653.jpg
image_4654.jpg,mask_4654.jpg
image_4655.jpg,mask_4655.jpg
image_4656.jpg,mask_4656.jpg
image_4657.jpg,mask_4657.jpg
image_4658.jpg,mask_4658.jpg
image_4659.jpg,mask_4659.jpg
image_4660.jpg,mask_4660.jpg
image_4661.jpg,mask_4661.jpg
image_4662.jpg,mask_4662.jpg
image_4663.jpg,mask_4663.jpg
image_4664.jpg,mask_4664.jpg
image_4665.jpg,mask_4665.jpg
image_4666.jpg,mask_4666.jpg
image_4667.jpg,mask_4667.jpg
image_4668.jpg,mask_4668.jpg
image_4669.jpg,mask_4669.jpg
image_4670.jpg,mask_4670.jpg
image_4671.jpg,mask_4671.jpg
image_4672.jpg,mask_4672.jpg
image_4673.jpg,mask_4673.jpg
image_4674.jpg,mask_4674.jpg
image_4675.jpg,mask_4675.jpg
image_4676.jpg,mask_4676.jpg
image_4677.jpg,mask_4677.jpg
image_4678.jpg,mask_4678.jpg
image_4679.jpg,mask_4679.jpg
image_4680.jpg,mask_4680.jpg
image_4681.jpg,mask_4681.jpg
image_4682.jpg,mask_4682.jpg
image_4683.jpg,mask_4683.jpg
image_4684.jpg,mask_4684.jpg
image_4685.jpg,mask_4685.jpg
image_4686.jpg,mask_4686.jpg
image_4687.jpg,mask_4687.jpg
image_4688.jpg,mask_4688.jpg
image_4689.jpg,mask_4689.jpg
image_4690.jpg,mask_4690.jpg
image_4691.jpg,mask_4691.jpg
image_4692.jpg,mask_4692.jpg
image_4693.jpg,mask_4693.jpg
image_4694.jpg,mask_4694.jpg
image_4695.jpg,mask_4695.jpg
image_4696.jpg,mask_4696.jpg
image_4697.jpg,mask_4697.jpg
image_4698.jpg,mask_4698.jpg
image_4699.jpg,mask_4699.jpg
image_4700.jpg,mask_4700.jpg
image_4701.jpg,mask_4701.jpg
image_4702.jpg,mask_4702.jpg
image_4703.jpg,mask_4703.jpg
image_4704.jpg,mask_4704.jpg
image_4705.jpg,mask_4705.jpg
image_4706.jpg,mask_4706.jpg
image_4707.jpg,mask_4707.jpg
image_4708.jpg,mask_4708.jpg
image_4709.jpg,mask_4709.jpg
image_4710.jpg,mask_4710.jpg
image_4711.jpg,mask_4711.jpg
image_4712.jpg,mask_4712.jpg
image_4713.jpg,mask_4713.jpg
image_4714.jpg,mask_4714.jpg
image_4715.jpg,mask_4715.jpg
image_4716.jpg,mask_4716.jpg
image_4717.jpg,mask_4717.jpg
image_4718.jpg,mask_4718.jpg
image_4719.jpg,mask_4719.jpg
image_4720.jpg,mask_4720.jpg
image_4721.jpg,mask_4721.jpg
image_4722.jpg,mask_4722.jpg
image_4723.jpg,mask_4723.jpg
image_4724.jpg,mask_4724.jpg
image_4725.jpg,mask_4725.jpg
image_4726.jpg,mask_4726.jpg
image_4727.jpg,mask_4727.jpg
image_4728.jpg,mask_4728.jpg
image_4729.jpg,mask_4729.jpg
image_4730.jpg,mask_4730.jpg
image_4731.jpg,mask_4731.jpg
image_4732.jpg,mask_4732.jpg
image_4733.jpg,mask_4733.jpg
image_4734.jpg,mask_4734.jpg
image_4735.jpg,mask_4735.jpg
image_4736.jpg,mask_4736.jpg
image_4737.jpg,mask_4737.jpg
image_4738.jpg,mask_4738.jpg
image_4739.jpg,mask_4739.jpg
image_4740.jpg,mask_4740.jpg
image_4741.jpg,mask_4741.jpg
image_4742.jpg,mask_4742.jpg
image_4743.jpg,mask_4743.jpg
image_4744.jpg,mask_4744.jpg
image_4746.jpg,mask_4746.jpg
image_4747.jpg,mask_4747.jpg
image_4748.jpg,mask_4748.jpg
image_4749.jpg,mask_4749.jpg
image_4756.jpg,mask_4756.jpg
image_4765.jpg,mask_4765.jpg
image_4776.jpg,mask_4776.jpg
image_4778.jpg,mask_4778.jpg
image_4779.jpg,mask_4779.jpg
image_4781.jpg,mask_4781.jpg
image_4788.jpg,mask_4788.jpg
image_4791.jpg,mask_4791.jpg
image_4794.jpg,mask_4794.jpg
image_4797.jpg,mask_4797.jpg
image_4801.jpg,mask_4801.jpg
image_4804.jpg,mask_4804.jpg
image_4805.jpg,mask_4805.jpg
image_4806.jpg,mask_4806.jpg
image_4807.jpg,mask_4807.jpg
image_4808.jpg,mask_4808.jpg
image_4809.jpg,mask_4809.jpg
image_4810.jpg,mask_4810.jpg
image_4811.jpg,mask_4811.jpg
image_4812.jpg,mask_4812.jpg
image_4813.jpg,mask_4813.jpg
image_4814.jpg,mask_4814.jpg
image_4815.jpg,mask_4815.jpg
image_4816.jpg,mask_4816.jpg
image_4817.jpg,mask_4817.jpg
image_4818.jpg,mask_4818.jpg
image_4819.jpg,mask_4819.jpg
image_4820.jpg,mask_4820.jpg
image_4821.jpg,mask_4821.jpg
image_4822.jpg,mask_4822.jpg
image_4823.jpg,mask_4823.jpg
image_4824.jpg,mask_4824.jpg
image_4825.jpg,mask_4825.jpg
image_4826.jpg,mask_4826.jpg
image_4827.jpg,mask_4827.jpg
image_4828.jpg,mask_4828.jpg
image_4829.jpg,mask_4829.jpg
image_4830.jpg,mask_4830.jpg
image_4831.jpg,mask_4831.jpg
image_4832.jpg,mask_4832.jpg
image_4833.jpg,mask_4833.jpg
image_4834.jpg,mask_4834.jpg
image_4835.jpg,mask_4835.jpg
image_4836.jpg,mask_4836.jpg
image_4837.jpg,mask_4837.jpg
image_4838.jpg,mask_4838.jpg
image_4839.jpg,mask_4839.jpg
image_4840.jpg,mask_4840.jpg
image_4841.jpg,mask_4841.jpg
image_4842.jpg,mask_4842.jpg
image_4843.jpg,mask_4843.jpg
image_4844.jpg,mask_4844.jpg
image_4845.jpg,mask_4845.jpg
image_4846.jpg,mask_4846.jpg
image_4847.jpg,mask_4847.jpg
image_4848.jpg,mask_4848.jpg
image_4849.jpg,mask_4849.jpg
image_4850.jpg,mask_4850.jpg
image_4851.jpg,mask_4851.jpg
image_4852.jpg,mask_4852.jpg
image_4853.jpg,mask_4853.jpg
image_4854.jpg,mask_4854.jpg
image_4855.jpg,mask_4855.jpg
image_4856.jpg,mask_4856.jpg
image_4857.jpg,mask_4857.jpg
image_4858.jpg,mask_4858.jpg
image_4859.jpg,mask_4859.jpg
image_4860.jpg,mask_4860.jpg
image_4861.jpg,mask_4861.jpg
image_4862.jpg,mask_4862.jpg
image_4863.jpg,mask_4863.jpg
image_4864.jpg,mask_4864.jpg
image_4865.jpg,mask_4865.jpg
image_4866.jpg,mask_4866.jpg
image_4867.jpg,mask_4867.jpg
image_4868.jpg,mask_4868.jpg
image_4869.jpg,mask_4869.jpg
image_4870.jpg,mask_4870.jpg
image_4871.jpg,mask_4871.jpg
image_4872.jpg,mask_4872.jpg
image_4873.jpg,mask_4873.jpg
image_4874.jpg,mask_4874.jpg
image_4875.jpg,mask_4875.jpg
image_4876.jpg,mask_4876.jpg
image_4877.jpg,mask_4877.jpg
image_4878.jpg,mask_4878.jpg
image_4879.jpg,mask_4879.jpg
image_4880.jpg,mask_4880.jpg
image_4881.jpg,mask_4881.jpg
image_4882.jpg,mask_4882.jpg
image_4883.jpg,mask_4883.jpg
image_4884.jpg,mask_4884.jpg
image_4885.jpg,mask_4885.jpg
image_4886.jpg,mask_4886.jpg
image_4887.jpg,mask_4887.jpg
image_4888.jpg,mask_4888.jpg
image_4889.jpg,mask_4889.jpg
image_4890.jpg,mask_4890.jpg
image_4891.jpg,mask_4891.jpg
image_4892.jpg,mask_4892.jpg
image_4893.jpg,mask_4893.jpg
image_4894.jpg,mask_4894.jpg
image_4895.jpg,mask_4895.jpg
image_4896.jpg,mask_4896.jpg
image_4897.jpg,mask_4897.jpg
image_4898.jpg,mask_4898.jpg
image_4899.jpg,mask_4899.jpg
image_4900.jpg,mask_4900.jpg
image_4901.jpg,mask_4901.jpg
image_4902.jpg,mask_4902.jpg
image_4903.jpg,mask_4903.jpg
image_4904.jpg,mask_4904.jpg
image_4905.jpg,mask_4905.jpg
image_4906.jpg,mask_4906.jpg
image_4907.jpg,mask_4907.jpg
image_4908.jpg,mask_4908.jpg
image_4909.jpg,mask_4909.jpg
image_4910.jpg,mask_4910.jpg
image_4911.jpg,mask_4911.jpg
image_4912.jpg,mask_4912.jpg
image_4913.jpg,mask_4913.jpg
image_4914.jpg,mask_4914.jpg
image_4915.jpg,mask_4915.jpg
image_4916.jpg,mask_4916.jpg
image_4917.jpg,mask_4917.jpg
image_4918.jpg,mask_4918.jpg
image_4919.jpg,mask_4919.jpg
image_4920.jpg,mask_4920.jpg
image_4921.jpg,mask_4921.jpg
image_4922.jpg,mask_4922.jpg
image_4923.jpg,mask_4923.jpg
image_4924.jpg,mask_4924.jpg
image_4925.jpg,mask_4925.jpg
image_4926.jpg,mask_4926.jpg
image_4927.jpg,mask_4927.jpg
image_4928.jpg,mask_4928.jpg
image_4929.jpg,mask_4929.jpg
image_4930.jpg,mask_4930.jpg
image_4931.jpg,mask_4931.jpg
image_4932.jpg,mask_4932.jpg
image_4933.jpg,mask_4933.jpg
image_4934.jpg,mask_4934.jpg
image_4935.jpg,mask_4935.jpg
image_4936.jpg,mask_4936.jpg
image_4937.jpg,mask_4937.jpg
image_4938.jpg,mask_4938.jpg
image_4939.jpg,mask_4939.jpg
image_4940.jpg,mask_4940.jpg
image_4941.jpg,mask_4941.jpg
image_4942.jpg,mask_4942.jpg
image_4943.jpg,mask_4943.jpg
image_4944.jpg,mask_4944.jpg
image_4945.jpg,mask_4945.jpg
image_4946.jpg,mask_4946.jpg
image_4947.jpg,mask_4947.jpg
image_4948.jpg,mask_4948.jpg
image_4949.jpg,mask_4949.jpg
image_4950.jpg,mask_4950.jpg
image_4951.jpg,mask_4951.jpg
image_4952.jpg,mask_4952.jpg
image_4953.jpg,mask_4953.jpg
image_4954.jpg,mask_4954.jpg
image_4955.jpg,mask_4955.jpg
image_4956.jpg,mask_4956.jpg
image_4957.jpg,mask_4957.jpg
image_4958.jpg,mask_4958.jpg
image_4959.jpg,mask_4959.jpg
image_4960.jpg,mask_4960.jpg
image_4961.jpg,mask_4961.jpg
image_4962.jpg,mask_4962.jpg
image_4963.jpg,mask_4963.jpg
image_4964.jpg,mask_4964.jpg
image_4965.jpg,mask_4965.jpg
image_4966.jpg,mask_4966.jpg
image_4967.jpg,mask_4967.jpg
image_4968.jpg,mask_4968.jpg
image_4969.jpg,mask_4969.jpg
image_4970.jpg,mask_4970.jpg
image_4971.jpg,mask_4971.jpg
image_4972.jpg,mask_4972.jpg
image_4973.jpg,mask_4973.jpg
image_4974.jpg,mask_4974.jpg
image_4975.jpg,mask_4975.jpg
image_4976.jpg,mask_4976.jpg
image_4977.jpg,mask_4977.jpg
image_4978.jpg,mask_4978.jpg
image_4979.jpg,mask_4979.jpg
image_4980.jpg,mask_4980.jpg
image_4981.jpg,mask_4981.jpg
image_4982.jpg,mask_4982.jpg
image_4983.jpg,mask_4983.jpg
image_4984.jpg,mask_4984.jpg
image_4985.jpg,mask_4985.jpg
image_4986.jpg,mask_4986.jpg
image_4987.jpg,mask_4987.jpg
image_4988.jpg,mask_4988.jpg
image_4989.jpg,mask_4989.jpg
image_4990.jpg,mask_4990.jpg
image_4991.jpg,mask_4991.jpg
image_4992.jpg,mask_4992.jpg
image_4993.jpg,mask_4993.jpg
image_4994.jpg,mask_4994.jpg
image_4995.jpg,mask_4995.jpg
image_4996.jpg,mask_4996.jpg
image_4997.jpg,mask_4997.jpg
image_4998.jpg,mask_4998.jpg
image_4999.jpg,mask_4999.jpg
image_5000.jpg,mask_5000.jpg
image_5001.jpg,mask_5001.jpg
image_5002.jpg,mask_5002.jpg
image_5003.jpg,mask_5003.jpg
image_5004.jpg,mask_5004.jpg
image_5005.jpg,mask_5005.jpg
image_5006.jpg,mask_5006.jpg
image_5007.jpg,mask_5007.jpg
image_5008.jpg,mask_5008.jpg
image_5009.jpg,mask_5009.jpg
image_5010.jpg,mask_5010.jpg
image_5011.jpg,mask_5011.jpg
image_5012.jpg,mask_5012.jpg
image_5013.jpg,mask_5013.jpg
image_5014.jpg,mask_5014.jpg
image_5015.jpg,mask_5015.jpg
image_5016.jpg,mask_5016.jpg
image_5017.jpg,mask_5017.jpg
image_5018.jpg,mask_5018.jpg
image_5019.jpg,mask_5019.jpg
image_5020.jpg,mask_5020.jpg
image_5021.jpg,mask_5021.jpg
image_5022.jpg,mask_5022.jpg
image_5023.jpg,mask_5023.jpg
image_5024.jpg,mask_5024.jpg
image_5025.jpg,mask_5025.jpg
image_5026.jpg,mask_5026.jpg
image_5027.jpg,mask_5027.jpg
image_5028.jpg,mask_5028.jpg
image_5029.jpg,mask_5029.jpg
image_5030.jpg,mask_5030.jpg
image_5031.jpg,mask_5031.jpg
image_5032.jpg,mask_5032.jpg
image_5033.jpg,mask_5033.jpg
image_5034.jpg,mask_5034.jpg
image_5035.jpg,mask_5035.jpg
image_5036.jpg,mask_5036.jpg
image_5037.jpg,mask_5037.jpg
image_5038.jpg,mask_5038.jpg
image_5039.jpg,mask_5039.jpg
image_5040.jpg,mask_5040.jpg
image_5041.jpg,mask_5041.jpg
image_5042.jpg,mask_5042.jpg
image_5043.jpg,mask_5043.jpg
image_5044.jpg,mask_5044.jpg
image_5045.jpg,mask_5045.jpg
image_5046.jpg,mask_5046.jpg
image_5047.jpg,mask_5047.jpg
image_5048.jpg,mask_5048.jpg
image_5049.jpg,mask_5049.jpg
image_5050.jpg,mask_5050.jpg
image_5051.jpg,mask_5051.jpg
image_5052.jpg,mask_5052.jpg
image_5053.jpg,mask_5053.jpg
image_5054.jpg,mask_5054.jpg
image_5055.jpg,mask_5055.jpg
image_5056.jpg,mask_5056.jpg
image_5057.jpg,mask_5057.jpg
image_5058.jpg,mask_5058.jpg
image_5059.jpg,mask_5059.jpg
image_5060.jpg,mask_5060.jpg
image_5061.jpg,mask_5061.jpg
image_5062.jpg,mask_5062.jpg
image_5063.jpg,mask_5063.jpg
image_5064.jpg,mask_5064.jpg
image_5065.jpg,mask_5065.jpg
image_5066.jpg,mask_5066.jpg
image_5067.jpg,mask_5067.jpg
image_5068.jpg,mask_5068.jpg
image_5069.jpg,mask_5069.jpg
image_5070.jpg,mask_5070.jpg
image_5071.jpg,mask_5071.jpg
image_5072.jpg,mask_5072.jpg
image_5073.jpg,mask_5073.jpg
image_5074.jpg,mask_5074.jpg
image_5075.jpg,mask_5075.jpg
image_5076.jpg,mask_5076.jpg
image_5077.jpg,mask_5077.jpg
image_5078.jpg,mask_5078.jpg
image_5079.jpg,mask_5079.jpg
image_5080.jpg,mask_5080.jpg
image_5081.jpg,mask_5081.jpg
image_5082.jpg,mask_5082.jpg
image_5083.jpg,mask_5083.jpg
image_5084.jpg,mask_5084.jpg
image_5085.jpg,mask_5085.jpg
image_5086.jpg,mask_5086.jpg
image_5087.jpg,mask_5087.jpg
image_5088.jpg,mask_5088.jpg
image_5089.jpg,mask_5089.jpg
image_5090.jpg,mask_5090.jpg
image_5091.jpg,mask_5091.jpg
image_5092.jpg,mask_5092.jpg
image_5093.jpg,mask_5093.jpg
image_5094.jpg,mask_5094.jpg
image_5095.jpg,mask_5095.jpg
image_5096.jpg,mask_5096.jpg
image_5097.jpg,mask_5097.jpg
image_5098.jpg,mask_5098.jpg
image_5099.jpg,mask_5099.jpg
image_5100.jpg,mask_5100.jpg
image_5101.jpg,mask_5101.jpg
image_5102.jpg,mask_5102.jpg
image_5103.jpg,mask_5103.jpg
image_5104.jpg,mask_5104.jpg
image_5105.jpg,mask_5105.jpg
image_5106.jpg,mask_5106.jpg
image_5107.jpg,mask_5107.jpg
image_5108.jpg,mask_5108.jpg
image_5109.jpg,mask_5109.jpg
image_5110.jpg,mask_5110.jpg
image_5111.jpg,mask_5111.jpg
image_5112.jpg,mask_5112.jpg
image_5113.jpg,mask_5113.jpg
image_5114.jpg,mask_5114.jpg
image_5115.jpg,mask_5115.jpg
image_5116.jpg,mask_5116.jpg
image_5117.jpg,mask_5117.jpg
image_5118.jpg,mask_5118.jpg
image_5119.jpg,mask_5119.jpg
image_5120.jpg,mask_5120.jpg
image_5121.jpg,mask_5121.jpg
image_5122.jpg,mask_5122.jpg
image_5123.jpg,mask_5123.jpg
image_5124.jpg,mask_5124.jpg
image_5125.jpg,mask_5125.jpg
image_5126.jpg,mask_5126.jpg
image_5127.jpg,mask_5127.jpg
image_5128.jpg,mask_5128.jpg
image_5129.jpg,mask_5129.jpg
image_5130.jpg,mask_5130.jpg
image_5131.jpg,mask_5131.jpg
image_5132.jpg,mask_5132.jpg
image_5133.jpg,mask_5133.jpg
image_5134.jpg,mask_5134.jpg
image_5135.jpg,mask_5135.jpg
image_5136.jpg,mask_5136.jpg
image_5137.jpg,mask_5137.jpg
image_5138.jpg,mask_5138.jpg
image_5139.jpg,mask_5139.jpg
image_5140.jpg,mask_5140.jpg
image_5141.jpg,mask_5141.jpg
image_5142.jpg,mask_5142.jpg
image_5143.jpg,mask_5143.jpg
image_5144.jpg,mask_5144.jpg
image_5145.jpg,mask_5145.jpg
image_5146.jpg,mask_5146.jpg
image_5147.jpg,mask_5147.jpg
image_5148.jpg,mask_5148.jpg
image_5149.jpg,mask_5149.jpg
image_5150.jpg,mask_5150.jpg
image_5151.jpg,mask_5151.jpg
image_5152.jpg,mask_5152.jpg
image_5153.jpg,mask_5153.jpg
image_5154.jpg,mask_5154.jpg
image_5155.jpg,mask_5155.jpg
image_5156.jpg,mask_5156.jpg
image_5157.jpg,mask_5157.jpg
image_5158.jpg,mask_5158.jpg
image_5159.jpg,mask_5159.jpg
image_5160.jpg,mask_5160.jpg
image_5161.jpg,mask_5161.jpg
image_5162.jpg,mask_5162.jpg
image_5163.jpg,mask_5163.jpg
image_5164.jpg,mask_5164.jpg
image_5165.jpg,mask_5165.jpg
image_5166.jpg,mask_5166.jpg
image_5167.jpg,mask_5167.jpg
image_5168.jpg,mask_5168.jpg
image_5169.jpg,mask_5169.jpg
image_5170.jpg,mask_5170.jpg
image_5171.jpg,mask_5171.jpg
image_5172.jpg,mask_5172.jpg
image_5173.jpg,mask_5173.jpg
image_5174.jpg,mask_5174.jpg
image_5175.jpg,mask_5175.jpg
image_5176.jpg,mask_5176.jpg
image_5177.jpg,mask_5177.jpg
image_5178.jpg,mask_5178.jpg
image_5179.jpg,mask_5179.jpg
image_5180.jpg,mask_5180.jpg
image_5181.jpg,mask_5181.jpg
image_5182.jpg,mask_5182.jpg
image_5183.jpg,mask_5183.jpg
image_5184.jpg,mask_5184.jpg
image_5185.jpg,mask_5185.jpg
image_5186.jpg,mask_5186.jpg
image_5187.jpg,mask_5187.jpg
image_5188.jpg,mask_5188.jpg
image_5189.jpg,mask_5189.jpg
image_5190.jpg,mask_5190.jpg
image_5191.jpg,mask_5191.jpg
image_5192.jpg,mask_5192.jpg
image_5193.jpg,mask_5193.jpg
image_5194.jpg,mask_5194.jpg
image_5195.jpg,mask_5195.jpg
image_5196.jpg,mask_5196.jpg
image_5197.jpg,mask_5197.jpg
image_5198.jpg,mask_5198.jpg
image_5199.jpg,mask_5199.jpg
image_5200.jpg,mask_5200.jpg
image_5201.jpg,mask_5201.jpg
image_5202.jpg,mask_5202.jpg
image_5203.jpg,mask_5203.jpg
image_5204.jpg,mask_5204.jpg
image_5205.jpg,mask_5205.jpg
image_5206.jpg,mask_5206.jpg
image_5207.jpg,mask_5207.jpg
image_5208.jpg,mask_5208.jpg
image_5209.jpg,mask_5209.jpg
image_5210.jpg,mask_5210.jpg
image_5211.jpg,mask_5211.jpg
image_5214.jpg,mask_5214.jpg
image_5215.jpg,mask_5215.jpg
image_5216.jpg,mask_5216.jpg
image_5218.jpg,mask_5218.jpg
image_5219.jpg,mask_5219.jpg
image_5220.jpg,mask_5220.jpg
image_5221.jpg,mask_5221.jpg
image_5222.jpg,mask_5222.jpg
image_5224.jpg,mask_5224.jpg
image_5225.jpg,mask_5225.jpg
image_5226.jpg,mask_5226.jpg
image_5227.jpg,mask_5227.jpg
image_5228.jpg,mask_5228.jpg
image_5229.jpg,mask_5229.jpg
image_5230.jpg,mask_5230.jpg
image_5232.jpg,mask_5232.jpg
image_5233.jpg,mask_5233.jpg
image_5235.jpg,mask_5235.jpg
image_5236.jpg,mask_5236.jpg
image_5238.jpg,mask_5238.jpg
image_5239.jpg,mask_5239.jpg
image_5240.jpg,mask_5240.jpg
image_5241.jpg,mask_5241.jpg
image_5242.jpg,mask_5242.jpg
image_5243.jpg,mask_5243.jpg
image_5244.jpg,mask_5244.jpg
image_5245.jpg,mask_5245.jpg
image_5246.jpg,mask_5246.jpg
image_5248.jpg,mask_5248.jpg
image_5249.jpg,mask_5249.jpg
image_5251.jpg,mask_5251.jpg
image_5252.jpg,mask_5252.jpg
image_5253.jpg,mask_5253.jpg
image_5254.jpg,mask_5254.jpg
image_5255.jpg,mask_5255.jpg
image_5256.jpg,mask_5256.jpg
image_5303.jpg,mask_5303.jpg
image_5305.jpg,mask_5305.jpg
image_5306.jpg,mask_5306.jpg
image_5308.jpg,mask_5308.jpg
image_5314.jpg,mask_5314.jpg
image_5317.jpg,mask_5317.jpg
image_5318.jpg,mask_5318.jpg
image_5319.jpg,mask_5319.jpg
image_5321.jpg,mask_5321.jpg
image_5322.jpg,mask_5322.jpg
image_5323.jpg,mask_5323.jpg
image_5324.jpg,mask_5324.jpg
image_5326.jpg,mask_5326.jpg
image_5327.jpg,mask_5327.jpg
image_5328.jpg,mask_5328.jpg
image_5332.jpg,mask_5332.jpg
image_5333.jpg,mask_5333.jpg
image_5335.jpg,mask_5335.jpg
image_5337.jpg,mask_5337.jpg
image_5338.jpg,mask_5338.jpg
image_5339.jpg,mask_5339.jpg
image_5340.jpg,mask_5340.jpg
image_5342.jpg,mask_5342.jpg
image_5344.jpg,mask_5344.jpg
image_5345.jpg,mask_5345.jpg
image_5346.jpg,mask_5346.jpg
image_5347.jpg,mask_5347.jpg
image_5349.jpg,mask_5349.jpg
image_5350.jpg,mask_5350.jpg
image_5351.jpg,mask_5351.jpg
image_5352.jpg,mask_5352.jpg
image_5353.jpg,mask_5353.jpg
image_5354.jpg,mask_5354.jpg
image_5355.jpg,mask_5355.jpg
image_5356.jpg,mask_5356.jpg
image_5357.jpg,mask_5357.jpg
image_5358.jpg,mask_5358.jpg
image_5359.jpg,mask_5359.jpg
image_5360.jpg,mask_5360.jpg
image_5361.jpg,mask_5361.jpg
image_5362.jpg,mask_5362.jpg
image_5363.jpg,mask_5363.jpg
image_5364.jpg,mask_5364.jpg
image_5365.jpg,mask_5365.jpg
image_5366.jpg,mask_5366.jpg
image_5367.jpg,mask_5367.jpg
image_5368.jpg,mask_5368.jpg
image_5369.jpg,mask_5369.jpg
image_5370.jpg,mask_5370.jpg
image_5371.jpg,mask_5371.jpg
image_5372.jpg,mask_5372.jpg
image_5373.jpg,mask_5373.jpg
image_5374.jpg,mask_5374.jpg
image_5375.jpg,mask_5375.jpg
image_5376.jpg,mask_5376.jpg
image_5377.jpg,mask_5377.jpg
image_5378.jpg,mask_5378.jpg
image_5379.jpg,mask_5379.jpg
image_5380.jpg,mask_5380.jpg
image_5381.jpg,mask_5381.jpg
image_5382.jpg,mask_5382.jpg
image_5383.jpg,mask_5383.jpg
image_5384.jpg,mask_5384.jpg
image_5385.jpg,mask_5385.jpg
image_5386.jpg,mask_5386.jpg
image_5387.jpg,mask_5387.jpg
image_5388.jpg,mask_5388.jpg
image_5389.jpg,mask_5389.jpg
image_5390.jpg,mask_5390.jpg
image_5391.jpg,mask_5391.jpg
image_5392.jpg,mask_5392.jpg
image_5393.jpg,mask_5393.jpg
image_5394.jpg,mask_5394.jpg
image_5395.jpg,mask_5395.jpg
image_5396.jpg,mask_5396.jpg
image_5397.jpg,mask_5397.jpg
image_5398.jpg,mask_5398.jpg
image_5399.jpg,mask_5399.jpg
image_5400.jpg,mask_5400.jpg
image_5401.jpg,mask_5401.jpg
image_5402.jpg,mask_5402.jpg
image_5403.jpg,mask_5403.jpg
image_5404.jpg,mask_5404.jpg
image_5405.jpg,mask_5405.jpg
image_5406.jpg,mask_5406.jpg
image_5407.jpg,mask_5407.jpg
image_5408.jpg,mask_5408.jpg
image_5409.jpg,mask_5409.jpg
image_5410.jpg,mask_5410.jpg
image_5411.jpg,mask_5411.jpg
image_5412.jpg,mask_5412.jpg
image_5413.jpg,mask_5413.jpg
image_5414.jpg,mask_5414.jpg
image_5415.jpg,mask_5415.jpg
image_5416.jpg,mask_5416.jpg
image_5417.jpg,mask_5417.jpg
image_5418.jpg,mask_5418.jpg
image_5419.jpg,mask_5419.jpg
image_5420.jpg,mask_5420.jpg
image_5421.jpg,mask_5421.jpg
image_5422.jpg,mask_5422.jpg
image_5423.jpg,mask_5423.jpg
image_5424.jpg,mask_5424.jpg
image_5425.jpg,mask_5425.jpg
image_5426.jpg,mask_5426.jpg
image_5427.jpg,mask_5427.jpg
image_5428.jpg,mask_5428.jpg
image_5429.jpg,mask_5429.jpg
image_5430.jpg,mask_5430.jpg
image_5431.jpg,mask_5431.jpg
image_5432.jpg,mask_5432.jpg
image_5433.jpg,mask_5433.jpg
image_5434.jpg,mask_5434.jpg
image_5435.jpg,mask_5435.jpg
image_5436.jpg,mask_5436.jpg
image_5437.jpg,mask_5437.jpg
image_5438.jpg,mask_5438.jpg
image_5439.jpg,mask_5439.jpg
image_5440.jpg,mask_5440.jpg
image_5441.jpg,mask_5441.jpg
image_5442.jpg,mask_5442.jpg
image_5443.jpg,mask_5443.jpg
image_5444.jpg,mask_5444.jpg
image_5445.jpg,mask_5445.jpg
image_5446.jpg,mask_5446.jpg
image_5447.jpg,mask_5447.jpg
image_5448.jpg,mask_5448.jpg
image_5449.jpg,mask_5449.jpg
image_5450.jpg,mask_5450.jpg
image_5451.jpg,mask_5451.jpg
image_5452.jpg,mask_5452.jpg
image_5454.jpg,mask_5454.jpg
image_5455.jpg,mask_5455.jpg
image_5456.jpg,mask_5456.jpg
image_5457.jpg,mask_5457.jpg
image_5458.jpg,mask_5458.jpg
image_5459.jpg,mask_5459.jpg
image_5460.jpg,mask_5460.jpg
image_5461.jpg,mask_5461.jpg
image_5462.jpg,mask_5462.jpg
image_5463.jpg,mask_5463.jpg
image_5464.jpg,mask_5464.jpg
image_5465.jpg,mask_5465.jpg
image_5466.jpg,mask_5466.jpg
image_5467.jpg,mask_5467.jpg
image_5468.jpg,mask_5468.jpg
image_5469.jpg,mask_5469.jpg
image_5470.jpg,mask_5470.jpg
image_5471.jpg,mask_5471.jpg
image_5472.jpg,mask_5472.jpg
image_5473.jpg,mask_5473.jpg
image_5474.jpg,mask_5474.jpg
image_5475.jpg,mask_5475.jpg
image_5476.jpg,mask_5476.jpg
image_5477.jpg,mask_5477.jpg
image_5478.jpg,mask_5478.jpg
image_5479.jpg,mask_5479.jpg
image_5480.jpg,mask_5480.jpg
image_5481.jpg,mask_5481.jpg
image_5482.jpg,mask_5482.jpg
image_5483.jpg,mask_5483.jpg
image_5484.jpg,mask_5484.jpg
image_5485.jpg,mask_5485.jpg
image_5486.jpg,mask_5486.jpg
image_5487.jpg,mask_5487.jpg
image_5488.jpg,mask_5488.jpg
image_5489.jpg,mask_5489.jpg
image_5490.jpg,mask_5490.jpg
image_5491.jpg,mask_5491.jpg
image_5492.jpg,mask_5492.jpg
image_5493.jpg,mask_5493.jpg
image_5494.jpg,mask_5494.jpg
image_5495.jpg,mask_5495.jpg
image_5496.jpg,mask_5496.jpg
image_5497.jpg,mask_5497.jpg
image_5498.jpg,mask_5498.jpg
image_5557.jpg,mask_5557.jpg
image_5558.jpg,mask_5558.jpg
image_5559.jpg,mask_5559.jpg
image_5562.jpg,mask_5562.jpg
image_5563.jpg,mask_5563.jpg
image_5565.jpg,mask_5565.jpg
image_5567.jpg,mask_5567.jpg
image_5568.jpg,mask_5568.jpg
image_5569.jpg,mask_5569.jpg
image_5571.jpg,mask_5571.jpg
image_5572.jpg,mask_5572.jpg
image_5573.jpg,mask_5573.jpg
image_5575.jpg,mask_5575.jpg
image_5576.jpg,mask_5576.jpg
image_5577.jpg,mask_5577.jpg
image_5578.jpg,mask_5578.jpg
image_5579.jpg,mask_5579.jpg
image_5580.jpg,mask_5580.jpg
image_5581.jpg,mask_5581.jpg
image_5582.jpg,mask_5582.jpg
image_5583.jpg,mask_5583.jpg
image_5584.jpg,mask_5584.jpg
image_5585.jpg,mask_5585.jpg
image_5586.jpg,mask_5586.jpg
image_5587.jpg,mask_5587.jpg
image_5589.jpg,mask_5589.jpg
image_5590.jpg,mask_5590.jpg
image_5591.jpg,mask_5591.jpg
image_5593.jpg,mask_5593.jpg
image_5594.jpg,mask_5594.jpg
image_5595.jpg,mask_5595.jpg
image_5596.jpg,mask_5596.jpg
image_5597.jpg,mask_5597.jpg
image_5598.jpg,mask_5598.jpg
image_5599.jpg,mask_5599.jpg
image_5600.jpg,mask_5600.jpg
image_5601.jpg,mask_5601.jpg
image_5602.jpg,mask_5602.jpg
image_5603.jpg,mask_5603.jpg
image_5604.jpg,mask_5604.jpg
image_5606.jpg,mask_5606.jpg
image_5607.jpg,mask_5607.jpg
image_5608.jpg,mask_5608.jpg
image_5609.jpg,mask_5609.jpg
image_5610.jpg,mask_5610.jpg
image_5611.jpg,mask_5611.jpg
image_5612.jpg,mask_5612.jpg
image_5613.jpg,mask_5613.jpg
image_5614.jpg,mask_5614.jpg
image_5615.jpg,mask_5615.jpg
image_5616.jpg,mask_5616.jpg
image_5617.jpg,mask_5617.jpg
image_5618.jpg,mask_5618.jpg
image_5619.jpg,mask_5619.jpg
image_5620.jpg,mask_5620.jpg
image_5621.jpg,mask_5621.jpg
image_5622.jpg,mask_5622.jpg
image_5623.jpg,mask_5623.jpg
image_5624.jpg,mask_5624.jpg
image_5625.jpg,mask_5625.jpg
image_5626.jpg,mask_5626.jpg
image_5627.jpg,mask_5627.jpg
image_5628.jpg,mask_5628.jpg
image_5629.jpg,mask_5629.jpg
image_5630.jpg,mask_5630.jpg
image_5631.jpg,mask_5631.jpg
image_5632.jpg,mask_5632.jpg
image_5633.jpg,mask_5633.jpg
image_5634.jpg,mask_5634.jpg
image_5635.jpg,mask_5635.jpg
image_5636.jpg,mask_5636.jpg
image_5637.jpg,mask_5637.jpg
image_5638.jpg,mask_5638.jpg
image_5639.jpg,mask_5639.jpg
image_5640.jpg,mask_5640.jpg
image_5641.jpg,mask_5641.jpg
image_5642.jpg,mask_5642.jpg
image_5643.jpg,mask_5643.jpg